main_id,ra,dec,plx_value
"""TYC 8410-60-1""",308.37347263657,-47.23850053051,1.7317
"""TYC 8410-1110-1""",308.44811489068,-47.13155906904,0.4734
"""TYC 8406-1397-1""",308.76038113448993,-46.48808002109,2.1013
"""TYC 8406-1500-1""",308.88863919807,-46.59753273668,1.8793
"""UCAC2  11670324""",308.89461223635,-47.301481044,0.8788
"""UCAC2  11670395""",309.16352443463,-47.00646472742,0.2512
"""UCAC2  11670400""",309.1698765606,-47.01635255011001,0.7149
"""UCAC2  11900605""",309.22093230385,-46.54501904476,2.2184
"""TYC 8407-1208-1""",309.5750763809,-46.42947759314,3.0268
"""TYC 8411-582-1""",309.64623888041,-47.179292009159994,2.3427
"""UCAC2  11670619""",309.99196908954,-47.24722343959001,0.7094
"""L  350-65""",308.56352609926626,-47.656296122809444,3.3446
"""GES J20394076-4714301""",309.91987665582,-47.24172185773,1.4477
"""GES J20394336-4711228""",309.93068323603995,-47.18969022578,0.9408
"""GES J20395232-4717250""",309.9680623293,-47.29030670218,1.0381
"""GES J20402296-4716025""",310.09576835853,-47.26734979624,0.8387
"""GES J20403066-4707128""",310.12778029041,-47.120228517240015,1.5623
"""GES J20411190-4712427""",310.29959865091,-47.21187495585,1.023
"""UCAC2  11900896""",310.3093665690299,-46.90876870426,0.163
"""GES J20392317-4713223""",309.84659570035,-47.22288771576,0.6947
"""Gaia DR2 6482363181730150912""",310.47172497035,-46.73938397639,2.7788
"""TYC 8410-810-1""",308.5594142739664,-46.9922820037582,2.9605
"""Gaia DR2 6674386569624140672""",309.26281235173167,-47.2449136615536,1.9821
"""CRTS J203801.8-475955""",309.5076608846029,-47.99874898940139,1.0216
"""Gaia DR3 6674428247986756608""",307.96123682861,-47.37134047672,8.1442
"""CRTS J203531.6-475807""",308.8817511073071,-47.96896755112694,1.1017
"""CRTS J203725.5-481127""",309.35628783168374,-48.19115407766028,0.1213
"""CRTS J203859.2-475601""",309.7468413291308,-47.93372060039415,0.338
"""CRTS J203945.1-471443""",309.9382269922583,-47.24529092040445,0.5821
"""CRTS J203948.4-480310""",309.95186645053747,-48.05299307007667,0.4227
"""CRTS J203951.0-465343""",309.9629783148892,-46.895128099479166,1.0573
"""CRTS J204033.7-480125""",310.1408408651324,-48.023822075329996,0.1937
"""CRTS J204132.1-472401""",310.3844401571129,-47.40023038066611,2.2238
"""CRTS J204135.7-472258""",310.3996198525425,-47.38276061289,0.3103
"""CRTS J204229.7-473159""",310.6248520127724,-47.532899747238886,1.1198
"""Gaia DR3 6482149227934007296""",309.77775163919,-48.07918841661,0.2574
"""Gaia DR3 6482180250481812480""",308.71628585569994,-48.15780428804,1.9167
"""Gaia DR3 6482254776754199552""",310.23588993896,-47.68803563301,1.9069
"""Gaia DR2 6482726467242634496""",310.5587457261299,-46.75749637013,5.4362
"""CD-48 13622""",309.09896469702,-47.77879079242,7.3206
"""UCAC4 211-187341""",310.2435277265259,-47.81435451945528,3.086
"""HD 195388""",308.20184019722,-47.71691561048999,2.9699
"""UCAC4 214-186554""",308.0809232475021,-47.37509201985444,1.8497
"""UCAC4 216-192786""",308.8851859164667,-46.86761199024444,4.2486
"""UCAC4 216-192872""",309.32365752238877,-46.96292432745,3.5537
"""Gaia DR3 6674653196898744704""",308.38790280353,-46.80499017773,3.1861
"""Gaia DR3 6674353511259527552""",308.39868424217,-47.84384278434,2.5262
"""Gaia DR3 6674434668962574848""",308.47277770751,-47.11984544122999,2.0022
"""Gaia DR3 6674366572256332672""",308.50927313607,-47.58027219212,3.689
"""UCAC4 219-182892""",309.1232709092137,-46.321925180938344,1.3629
"""HD 195523""",308.40687278008,-46.56412519945,5.7571
"""Gaia DR3 6674669144112531840""",308.2123970616199,-46.71780908291,0.1401
"""SCR J2041-4633""",310.25595485876585,-46.55405386319361,21.7199
"""TYC 8411-1431-1""",309.6728567,-48.2002603,4.78
"""Gaia DR3 6674582965593720576""",309.5606337982,-46.41255155586,2.318
"""UCAC4 216-192769""",308.80211223348124,-46.82789953590723,0.682
"""UCAC4 213-199098""",309.84820974415624,-47.58957892580167,2.2894
"""UCAC4 214-186881""",309.8488581223366,-47.356034988522225,1.7969
"""UCAC4 215-190528""",309.87257415301076,-47.096969688257225,1.6281
"""UCAC4 217-187400""",309.89752118637875,-46.632952404375274,1.1294
"""UCAC4 215-190534""",309.90367920238,-47.12691368930944,0.3577
"""UCAC4 212-183636""",309.9284288596983,-47.602407315902504,2.9273
"""UCAC4 213-199127""",309.96561746776206,-47.48784093257195,1.8662
"""UCAC4 213-198921""",308.8285995371995,-47.56860721665028,0.8335
"""UCAC4 215-190408""",309.2030318715463,-47.192646908935,1.1343
"""UCAC4 219-182905""",309.2063476451979,-46.36389316279916,0.4105
"""UCAC4 219-182907""",309.2275653643375,-46.39900314962944,1.4645
"""UCAC4 213-199022""",309.33973308624167,-47.478424847145554,0.886
"""UCAC4 215-190462""",309.4606414098388,-47.11762424676278,2.3641
"""2MASS J20422235-4722098""",310.5931789702912,-47.369381189250554,3.6944
"""SIPS J2032-4651""",308.1968710399342,-46.85304968080139,8.0727
"""Gaia DR3 6482349987590567296""",310.56556348937,-46.83484081823,0.64
"""Gaia DR3 6674557745545643136""",309.53393202631,-46.53826091709001,0.7163
"""Gaia DR3 6482325562111355520""",309.90891600217617,-47.27195051383333,2.4887
"""Gaia DR3 6674360829883948160""",308.41348686433,-47.60604930768,0.7502
"""* alf Ind""",309.3918000320833,-47.2915007225,33.17
"""Gaia DR3 6674760468001787776""",308.85746238338,-46.36949134088,0.6439
"""Gaia DR2 6674506244591633792""",309.42712088622335,-46.83366248067555,2.3378
"""CRTS J203342.9-475103""",308.42859952107,-47.85128315915,0.0152
"""HD 195867""",308.94085299999995,-47.776138,3.14
"""UCAC4 212-183275""",308.14150020867623,-47.726382473105005,30.1642
"""UCAC4 212-183274""",308.14047575768916,-47.72726971953223,31.8968
"""UCAC2  11670788""",310.72071325693,-47.45213256473,2.015
"""HD 196842""",310.45193212582,-47.91267375806,1.3217
"""Gaia DR3 6482120193955128320""",309.26590217876,-48.254714362170006,0.1405
"""UCAC2  11219351""",309.96760004936,-48.1973996639,2.2759
"""UCAC2  11219347""",309.95384897404,-48.19183977306,2.5678
"""Gaia DR3 6482143592935844480""",309.58856411254,-48.15365271914,3.2701
"""UCAC2  11219393""",310.06755040207,-48.08372476118,3.5455
"""Gaia DR3 6482139534192976640""",309.98848702989,-48.0161475056,2.575
"""Gaia DR3 6482143038886152448""",309.70313811317,-48.15202760568,1.6117
"""UCAC2  11219330""",309.91569899655,-48.19313619897,1.1426
"""TYC 8411-1503-1""",309.59814721986,-48.09268972089001,1.7545
"""TYC 8411-381-1""",309.89065685999,-48.00017919617001,3.6063
"""HD 196498""",309.93894231713,-47.99488875482,1.6746
"""TYC 8411-1098-1""",309.87355740592994,-47.834007739380006,2.8856
"""Gaia DR3 6482183205419369984""",308.72122420485,-48.04324513943,1.5215
"""Gaia DR3 6482168641185368960""",309.27286000048,-48.21478822065,0.0894
"""UCAC4 210-184951""",308.98396043768,-48.16009969508,1.9727
"""TYC 8410-89-1""",309.19125278952,-47.95270637241,0.4864
"""Gaia DR3 6482187539042372224""",309.07025666312,-47.92938901436,0.233
"""TYC 8410-635-1""",309.00724355248,-47.80851964435,4.926
"""UCAC4 211-187209""",309.45847113294,-47.81659150012,0.3575
"""TYC 8410-549-1""",309.27680671866,-47.97453128302,0.9522
"""Gaia DR3 6482195957178217856""",309.5524659253,-47.92706765821,0.5582
"""TYC 8411-988-1""",309.55635650886,-47.82809393688,3.7786
"""TYC 8410-437-1""",309.29914491664994,-47.82754609974,2.4872
"""UCAC2  11445909""",309.33996513426,-47.783148518109996,0.1801
"""TYC 8410-281-1""",309.1302783467,-47.84206153115,3.1928
"""UCAC2  11445968""",309.55595864915,-47.55542348455,4.0945
"""CRTS J203653.4-474047""",309.22280282945997,-47.67969552604,0.0015
"""TYC 8410-553-1""",309.25655586438,-47.77056516456,0.562
"""Gaia DR3 6482226739208516096""",309.51529377486,-47.44804587318,0.5314
"""HD 196257""",309.5002338497599,-47.57060534756,0.9041
"""UCAC2  11445916""",309.37478406958996,-47.51909050868999,2.7344
"""CD-48 13644""",310.26482886108,-47.99497490046,0.824
"""Gaia DR3 6482227911735044992""",309.46150208768,-47.38458630033999,0.49
"""TYC 8411-1253-1""",309.99080681407,-47.871317527189994,2.3965
"""CD-48 13643""",310.250811359,-47.83287228699001,1.3294
"""Gaia DR3 6482236359934327552""",310.24222051012,-47.8044699188,1.2176
"""Gaia DR3 6482241101578343680""",310.51371139783,-47.67230550949,1.1279
"""UCAC2  11446081""",309.97435336462,-47.71342112315,1.3301
"""TYC 8411-878-1""",310.08549290491,-47.73626130868,1.1185
"""TYC 8411-727-1""",310.1113081257299,-47.51358720375999,3.0901
"""Gaia DR3 6482254265654428544""",310.06472261147997,-47.57778731005,0.6646
"""Gaia DR3 6482257972210025600""",310.28007530623,-47.55513631011,0.9615
"""UCAC2  11446078""",309.96530900379,-47.62734922564,0.2148
"""HD 196936""",310.5850843963099,-47.691564519319996,2.3275
"""TYC 8411-939-1""",310.7980482424,-47.53514121625,2.454
"""TYC 8411-634-1""",310.71555592313,-47.33170426916,0.8266
"""Gaia DR3 6482267386778419456""",310.72377937261,-47.4932623962,1.0563
"""HD 197096""",310.8122794971599,-47.28706896388,1.8099
"""CD-47 13502""",310.3216920954599,-47.41453057299,3.1349
"""CD-47 13509""",310.51779661563,-47.24234658121,1.4706
"""UCAC4 214-186986""",310.43788687714,-47.37820927035,0.442
"""HD 197015""",310.6914923325899,-47.22353803925,1.294
"""HD 197001""",310.66448212828,-47.18390736277,0.9929
"""CD-47 13510""",310.56037711073,-47.15647610877999,1.5046
"""TYC 8411-968-1""",309.86333639895,-47.70685092261,2.2084
"""Gaia DR3 6482298791579060608""",309.84756520947997,-47.68361304956,1.9504
"""Gaia DR3 6482300234688182656""",309.85755973248,-47.58830204308,2.8633
"""Gaia DR3 6482298585420614912""",309.85848595959,-47.69605807151,1.109
"""TYC 8411-1077-1""",309.76828807502,-47.52826065841,0.4084
"""Gaia DR3 6482304838893278208""",309.76366219905,-47.47322744543,1.4358
"""UCAC2  11670635""",310.07261656531,-47.48163414351,2.6766
"""TYC 8411-510-1""",310.02936585113,-47.25166708549,0.5535
"""HD 196516""",309.9421843673,-47.41665259369001,1.16
"""Gaia DR3 6482312466755640832""",309.99441416161,-47.346766617849994,0.0025
"""Gaia DR3 6482319407422780416""",309.74980094781,-47.35427977864,0.5931
"""UCAC2  11670609""",309.96070150723,-47.223155222399996,2.3207
"""TYC 8411-1047-1""",309.85212171864,-47.31128927701,1.9835
"""UCAC2  11670621""",309.99779047595996,-47.16577391433001,0.7965
"""TYC 8411-646-1""",310.28016295627,-47.31939356621001,1.3863
"""TYC 8411-629-1""",310.18622499257,-47.11750843875,2.0955
"""CRTS J204036.9-470856""",310.15460910696993,-47.14868294742,0.0486
"""Gaia DR3 6482340641741505792""",310.2951575997499,-47.07908071287,1.027
"""TYC 8411-524-1""",310.26274646912,-47.0436474903,1.6515
"""TYC 8411-425-1""",310.3412559920599,-47.012625412800006,3.7247
"""Gaia DR3 6482342054786493056""",310.27281845087,-47.02247191202,0.3163
"""Gaia DR3 6482342943843952000""",310.52726805991,-47.09527715897,1.1204
"""Gaia DR2 6482348686215393152""",310.39773737334,-46.9191900831,2.2268
"""CD-47 13507""",310.4737111794,-47.05442231353,2.8859
"""CRTS J204027.1-470302""",310.11335502712,-47.050435333150006,0.1083
"""TYC 8411-581-1""",310.51082459435,-46.96453945095001,0.8903
"""UCAC3 87-420610""",310.23827399037,-46.91357232817,0.3165
"""TYC 8411-354-1""",310.22023070212,-47.02573414393,0.5835
"""TYC 8411-547-1""",310.01797123587,-46.96224449799,2.1518
"""TYC 8407-1560-1""",310.18086706379,-46.85991344604,0.5464
"""HD 196639""",310.09438568293,-46.82655011593,2.0452
"""HD 196801""",310.36214270392,-46.858545335719995,5.3832
"""Gaia DR3 6482361944779540352""",310.30255153673,-46.8063210314,0.6056
"""UCAC2  11900905""",310.35322617965,-46.68822614119,1.6156
"""TYC 8407-779-1""",310.18699854302,-46.823859459930006,2.9407
"""Gaia DR3 6482364727918346880""",310.2242878514,-46.80977739646,2.9272
"""TYC 8407-621-1""",310.40049812578,-46.69248145537,4.4925
"""Gaia DR2 6482305873981264512""",309.8838960070145,-47.436864023213886,1.5791
"""Gaia DR2 6674506240297138944""",309.4278202752241,-46.83342754571472,2.0995
"""Gaia DR2 6674655709454675968""",308.2672031573892,-46.844313792585275,0.6202
"""Gaia DR2 6674448760750678912""",308.71941547068707,-47.007652283613055,0.9777
"""Gaia DR2 6674448760749587968""",308.7191862763092,-47.008044731432776,0.9831
"""Gaia DR2 6482218668965427456""",309.25829521286755,-47.63269733750528,3.6716
"""UCAC4 218-192614""",309.6472936992917,-46.51052813894056,15.0454
"""UCAC4 215-190504""",309.7165553285075,-47.191824108735,0.9983
"""UCAC4 218-192630""",309.7191260521962,-46.51406331607111,0.7249
"""UCAC4 214-186867""",309.73513031007786,-47.298224375320274,1.2179
"""UCAC4 217-187375""",309.74902856120417,-46.707328799920006,0.5977
"""UCAC4 213-199091""",309.8160422515383,-47.593771147851115,0.0449
"""Gaia DR2 6482305873981264384""",309.88442318528706,-47.43705609204805,0.675
"""TYC 8411-485-1""",310.3712287751,-47.13595674433,1.5192
"""UCAC4 213-198979""",309.12420478565787,-47.538254602394716,0.1948
"""UCAC4 213-198999""",309.2048010739221,-47.491917898145836,0.4101
"""UCAC4 216-192873""",309.34734844548166,-46.94049705101944,0.9679
"""UCAC4 218-192677""",309.95989972603786,-46.554519828141665,0.9417
"""Gaia DR3 6668331245556482560""",308.47271164175993,-48.064145115829994,1.3433
"""TYC 8410-1314-1""",308.4848813479899,-48.07722267156001,0.9668
"""TYC 8410-235-1""",308.39078224439993,-47.99753533067,0.2449
"""TYC 8410-709-1""",308.31710227505,-47.95992708745,0.7217
"""CD-48 13598""",308.1227357325299,-47.65239930196001,5.6541
"""TYC 8410-983-1""",308.04335055202995,-47.54781856456,5.8249
"""UCAC2  11445470""",308.01559200488,-47.50885995902,2.8712
"""TYC 8410-1200-1""",308.51463682402994,-48.01693308737,1.8471
"""HD 195570""",308.52298181098996,-47.889657002060005,6.1571
"""TYC 8410-651-1""",308.64591471987,-47.90242942764,1.73
"""CD-48 13613""",308.73367538025,-47.85414675297999,0.4696
"""HD 195867A""",308.9408933816799,-47.77615466253,3.1162
"""Gaia DR3 6674350350164540416""",308.8211833755,-47.71086411969,1.3391
"""TYC 8410-515-1""",308.82147613443,-47.72106013210999,2.0735
"""HD 195867B""",308.93989081880994,-47.77568996050001,3.1303
"""2MASX J20344990-4743240""",308.70797733638,-47.72329780752,0.5312
"""TYC 8410-187-1""",308.89212881001,-47.689395731830004,1.8679
"""Gaia DR3 6674355710282853760""",308.51075514199,-47.74798435307,0.8161
"""UCAC2  11445820""",309.05427282131996,-47.66491580238,1.6569
"""HD 195583""",308.53971598833994,-47.58312729693001,12.0095
"""TYC 8410-1118-1""",308.5096298159,-47.5751382761,0.5
"""TYC 8410-1131-1""",309.02024532228,-47.64183062040001,0.6904
"""Gaia DR3 6674377803595429248""",308.98614552108,-47.47661176852,8.9248
"""UCAC2  11445822""",309.06155284262,-47.550556150789994,0.6694
"""HD 195933""",309.03166083117,-47.55465329612,6.5693
"""Gaia DR3 6674377837955191296""",309.0003116552999,-47.44926345577001,0.9707
"""UCAC2  11445780""",308.9455805559,-47.61376693858,0.3041
"""UCAC2  11670453""",309.36120477113,-47.4375346659,1.1203
"""TYC 8410-985-1""",308.91118290945,-47.45936518162,1.9262
"""TYC 8410-1101-1""",308.83080025926,-47.35335301835,2.1291
"""TYC 8410-1073-1""",308.81582166757,-47.39721922191,2.3076
"""Gaia DR3 6674382790052222592""",309.36808295663,-47.311998206039995,0.5724
"""Gaia DR3 6674386771487918592""",309.25617663078,-47.24097739817,3.2005
"""TYC 8410-538-1""",308.77176038669,-47.30899755833,3.1651
"""Gaia DR3 6674395498861458048""",308.82684316124,-47.24761922494001,0.5291
"""TYC 8410-642-1""",309.05025764544996,-47.20331850182,1.0814
"""Gaia DR3 6674401030779373312""",309.00711958583,-47.20411295952999,1.5384
"""Gaia DR3 6674401889772859520""",308.98817361824,-47.16323672817,3.6978
"""TYC 8410-546-1""",308.37775424357,-47.46173918797,0.4499
"""TYC 8410-1026-1""",308.16506978778,-47.60501453765999,3.8213
"""TYC 8410-684-1""",308.31557566903996,-47.44186100305999,1.4962
"""Gaia DR3 6674415844120619904""",308.45166242248,-47.40101354837999,6.3676
"""2MASS J20333771-4726124""",308.40720822366,-47.43678405467,0.2773
"""USNO-B1.0 0425-00967547""",308.48848726852,-47.41188261758,0.3993
"""2MASS J20335143-4723111""",308.46442854108,-47.38640327204,0.0656
"""2MASS J20332407-4725262""",308.35027200827,-47.42396873178999,0.1547
"""USNO-B1.0 0426-00961946""",308.37608171503996,-47.37309017089,0.4312
"""USNO-B1.0 0426-00962071""",308.45975715246,-47.36088472407,3.8087
"""[MWC2015] WFI J2033-4723 13048""",308.41023261239,-47.3637483892,0.0551
"""TYC 8410-350-1""",308.44429331088,-47.2390490113,4.4741
"""Gaia DR3 6674424945156212224""",308.20199769803,-47.41554711105001,9.7568
"""Gaia DR3 6674423708205578752""",308.01969936512,-47.49790548493,2.6302
"""TYC 8410-1086-1""",308.20274234094,-47.38922064304,0.6833
"""TYC 8410-618-1""",308.02641876022994,-47.30483694744,2.7456
"""HD 195349""",308.15238916728,-47.242869566630006,2.9829
"""TYC 8410-526-1""",308.15870466516,-47.20290381573,4.6038
"""TYC 8410-805-1""",308.13018098491,-47.156824311259996,5.0026
"""BPS CS 22943-0172""",308.18405472405,-47.11633048347001,0.4859
"""Gaia DR3 6674438276734514688""",308.30029921089,-47.124110325340006,0.57
"""Gaia DR3 6674439479325369216""",308.25896796737,-47.05778763631,1.8548
"""SIPS J2034-4702""",308.57965189543995,-47.04600141924999,14.0534
"""TYC 8410-164-1""",308.9631697692199,-47.10826624279999,1.9434
"""2MASS J20351491-4658100""",308.81214657245,-46.96948159929,1.0728
"""CD-47 13455""",308.50155401822,-46.85446338928,1.0583
"""TYC 8406-387-1""",308.77266242432,-46.790960470070004,2.2523
"""TYC 8406-393-1""",308.76423497288,-46.82714715716,1.7708
"""Gaia DR3 6674460370047110784""",308.61180931589,-47.00281771613,0.7053
"""TYC 8406-51-1""",308.86631272615,-46.7264033695,3.9115
"""Gaia DR3 6674471021566122880""",308.67281277688,-46.844647663740005,0.9778
"""HD 195831""",308.85303811312997,-46.65360297408,1.9473
"""TYC 8406-1611-1""",308.78250932070995,-46.63521484799,1.7586
"""Gaia DR3 6674482360279060224""",309.47532790524,-47.10764497629,0.3166
"""TYC 8411-505-1""",309.55954578049,-46.98527769494999,0.759
"""CD-47 13483""",309.73226217548,-46.944781654450004,1.0671
"""TYC 8411-561-1""",309.75005639186,-46.93534505680001,2.1093
"""TYC 8410-528-1""",309.31039860059,-47.07222072492,2.5373
"""UCAC2  11900607""",309.22658804969,-46.96681892431,9.6451
"""TYC 8411-509-1""",309.5227727713099,-46.91391695699,3.1517
"""TYC 8407-1054-1""",309.58692332563,-46.77039310755,4.714
"""TYC 8407-1020-1""",309.96441085147,-46.81979414954,3.9999
"""Gaia DR2 6674523974217870080""",310.07010804959,-46.61845400907,7.382
"""Gaia DR2 6674524210440920960""",310.06385415423995,-46.59504673993,5.6797
"""UCAC2  11900837""",310.0683651345099,-46.61641663408,7.1531
"""CD-47 13486""",309.78482542332,-46.61976993476999,3.526
"""TYC 8407-1264-1""",309.82808585028,-46.61800230402,0.5904
"""V* BB Ind""",309.79719897577,-46.59539854445,0.804
"""Gaia DR3 6674536339428728960""",309.71367234311,-46.4482544772,0.4017
"""TYC 8407-1198-1""",309.79107969434,-46.53336585986,1.7016
"""TYC 8407-1230-1""",310.03322531232,-46.501842513579994,1.2134
"""TYC 8407-986-1""",310.09082440659,-46.43863075858,3.527
"""TYC 8406-209-1""",309.15152252524996,-46.83609208343,8.3438
"""Gaia DR3 6674546441191314304""",309.21520207619,-46.88489041711999,3.8958
"""Gaia DR3 6674559600970534400""",309.32046537569994,-46.581937345419995,3.2073
"""HD 195866""",308.91582545715,-46.68928576535,2.0585
"""TYC 8406-1566-1""",308.84384634438,-46.621101944580005,4.4196
"""BPS CS 22943-0177""",308.95699561732,-46.62931557820001,0.7583
"""TYC 8406-1383-1""",308.9024096182699,-46.48384289689,3.1144
"""TYC 8406-1291-1""",309.21482816891,-46.49662921122,2.3349
"""CD-46 13615""",309.06444046802994,-46.34137894862,4.1305
"""HD 196106""",309.22736328343,-46.45624336511,1.7697
"""Gaia DR3 6674583549709274112""",309.69246229561,-46.41006459383,0.9615
"""TYC 8407-1018-1""",309.47248275709,-46.394102979109995,2.8696
"""TYC 8407-1124-1""",309.42806494711,-46.29339906249001,3.278
"""Gaia DR3 6674618871518909824""",308.06732355669,-47.20845543384,0.9556
"""TYC 8410-216-1""",308.01081508022,-47.06054716602,2.8763
"""Gaia DR3 6674623578803144320""",307.97796125831997,-47.070372279279994,0.8128
"""Gaia DR3 6674627049136784640""",308.13233877909994,-46.99013925321,1.2821
"""CD-47 13438""",308.11837059009,-47.07346863762,1.6723
"""TYC 8410-320-1""",308.18676979968,-46.92554814726,2.3255
"""Gaia DR3 6674655086684399488""",308.41232428593,-46.73981662064,1.3298
"""CRTS J203300.0-464719""",308.24994984511,-46.78847302507,0.0114
"""TYC 8406-1616-1""",308.43079715292,-46.60636923315,0.9411
"""TYC 8406-992-1""",308.85001532591,-46.40118035414,5.7528
"""2MASS J20332992-4725500""",308.37466025227,-47.43060733774,0.7414
"""USNO-B1.0 0426-00962002""",308.41295622173,-47.37248880842999,0.0043
"""UCAC2  11670451""",309.3533521282299,-47.10434297794,0.4415
"""UCAC2  11670425""",309.24880255762,-47.17178321797999,2.8398
"""UCAC2  11670705""",310.35475216779,-47.16601093608,2.1678
"""TYC 8410-466-1""",308.98988392002,-46.90488937903,1.2775
"""UCAC2  11446145""",310.23330402341,-47.82092647807,3.0804
"""UCAC2  11670165""",308.41978239366,-47.391374392610004,0.5352
"""USNO-B1.0 0426-00962058""",308.4510253861399,-47.39639913501001,0.6379
"""V* VY Ind""",310.5264825457899,-47.07770666135,1.5344
"""2MASX J20391002-4702534""",309.79169572271,-47.047964619880005,2.5159
"""UCAC4 216-192614""",308.0663134579425,-46.92254092598944,0.7804
"""UCAC4 216-192619""",308.085642796955,-46.93043541526973,1.9241
"""UCAC4 216-192623""",308.1100280365229,-46.840514475243054,2.7105
"""UCAC4 217-187089""",308.1643462796621,-46.76465594138889,1.4869
"""UCAC4 216-192648""",308.213455497435,-46.92402224284056,2.0484
"""UCAC4 216-192650""",308.22807814711547,-46.9049865967125,1.3434
"""UCAC4 216-192663""",308.28603974250876,-46.93309748589472,1.4019
"""UCAC4 216-192665""",308.3014547593958,-46.82551273960555,1.1582
"""UCAC4 216-192689""",308.42752201198164,-46.921773736495275,0.9519
"""UCAC4 216-192699""",308.49037672127247,-46.84554072522417,1.0576
"""UCAC4 216-192704""",308.5188498893979,-46.96752653013111,8.5716
"""UCAC4 216-192707""",308.5347267410067,-46.805454287913896,1.6399
"""UCAC4 216-192709""",308.5420949299104,-46.817720896235,0.4983
"""UCAC4 218-192371""",308.55928466730455,-46.48016035688417,0.3059
"""UCAC4 218-192372""",308.56348868157124,-46.55802684697194,7.1648
"""UCAC4 216-192717""",308.5746241267775,-46.845468398854166,2.2359
"""UCAC4 217-187182""",308.5912687749283,-46.71204586705,3.4151
"""UCAC4 216-192722""",308.596504720355,-46.80869335216916,1.171
"""UCAC4 217-187184""",308.6261756742374,-46.68688784040777,0.4097
"""UCAC4 218-192389""",308.6376048414737,-46.51996172807056,1.9621
"""UCAC4 216-192736""",308.63959031457284,-46.93881200479555,0.912
"""UCAC4 218-192394""",308.66456370731123,-46.42991159444555,3.4444
"""UCAC4 217-187193""",308.6652228234804,-46.72195531553916,2.3006
"""UCAC4 217-187194""",308.66531559604,-46.750401365721395,0.8213
"""UCAC4 216-192744""",308.69870122393417,-46.95665760650473,0.5664
"""UCAC4 217-187196""",308.69894184061,-46.61864411961945,1.044
"""UCAC4 218-192408""",308.7087803400104,-46.484482205946385,3.6018
"""UCAC4 218-192416""",308.7231837496033,-46.42084717408139,1.5986
"""UCAC4 217-187201""",308.7243478509871,-46.711790542672496,1.9347
"""UCAC4 218-192430""",308.7519854805954,-46.590968277828345,1.4184
"""UCAC4 218-192424""",308.7397805737179,-46.533458616484175,1.4405
"""UCAC4 218-192439""",308.80867172714454,-46.41825859580361,0.8858
"""UCAC4 216-192781""",308.847473433605,-46.86776846566167,1.134
"""UCAC4 217-187230""",308.8692509058021,-46.73318743448945,1.0397
"""UCAC4 216-192784""",308.877897201942,-46.85326133307972,0.3702
"""UCAC4 217-187232""",308.88337626412044,-46.69422082396138,0.5844
"""UCAC4 217-187236""",308.9299181465325,-46.73496747997028,1.2547
"""UCAC4 217-187238""",308.93468141997334,-46.78305891804527,1.8044
"""UCAC4 217-187241""",308.95547481064625,-46.68752644847194,0.892
"""UCAC4 218-192473""",308.9666795538829,-46.497783600133054,1.7059
"""UCAC4 219-182883""",309.04714684295084,-46.31999942995723,0.5504
"""UCAC4 216-192811""",309.06949785118377,-46.900932457427224,2.4317
"""UCAC4 217-187260""",309.09203012777624,-46.61900763123139,0.8197
"""UCAC4 216-192814""",309.0995132736366,-46.96725140264639,1.6076
"""UCAC4 217-187262""",309.1030122893046,-46.649783597203054,1.3618
"""UCAC4 216-192815""",309.10302395005294,-46.85565303084444,0.8919
"""UCAC4 218-192497""",309.1040087470067,-46.43913196738471,0.9816
"""UCAC4 216-192820""",309.11691246276627,-46.80079779943972,2.3897
"""UCAC4 219-182894""",309.1365619933588,-46.313902717121934,2.2191
"""UCAC4 217-187269""",309.15406515978003,-46.7740764206875,0.9822
"""UCAC4 216-192834""",309.17780306735835,-46.93143643036139,1.3266
"""UCAC4 217-187289""",309.2079386152554,-46.63109391387305,2.577
"""UCAC4 216-192837""",309.18881224906124,-46.87352628011473,0.2781
"""UCAC4 216-192851""",309.23092442816545,-46.87893669593806,1.8488
"""UCAC4 216-192846""",309.2228768416046,-46.81819635572557,4.1233
"""UCAC4 217-187297""",309.2378164074017,-46.78307115406001,1.0051
"""UCAC4 216-192854""",309.24392548152673,-46.81445375807722,2.0715
"""UCAC4 218-192542""",309.2958730631571,-46.44273444791778,3.1705
"""UCAC4 219-182926""",309.3199037386404,-46.355533363284444,0.0985
"""UCAC4 216-192878""",309.3602108661612,-46.90944031834111,0.2921
"""UCAC4 216-192880""",309.3663792805267,-46.89806657299806,0.6705
"""UCAC4 218-192557""",309.3727189715625,-46.59159825090167,4.1901
"""UCAC4 218-192558""",309.377604589665,-46.40890606932417,1.6345
"""UCAC4 216-192882""",309.3791198153046,-46.80891531894555,1.5871
"""UCAC4 216-192884""",309.3818520512821,-46.85281548990446,2.1963
"""UCAC4 219-182947""",309.3932536687187,-46.30822337177055,0.6906
"""UCAC4 218-192560""",309.38342381403294,-46.519554339551114,1.1187
"""UCAC4 216-192891""",309.4059836907246,-46.857693252907225,0.4905
"""UCAC4 217-187333""",309.42723233855503,-46.63288879625,0.6413
"""UCAC4 219-182960""",309.4346181832196,-46.29774818773528,3.2281
"""UCAC4 216-192899""",309.4461542155417,-46.883276747043325,0.8227
"""UCAC4 218-192575""",309.43990895130787,-46.419212150019995,1.2443
"""UCAC4 219-182970""",309.48039586755755,-46.34720084637778,2.1422
"""UCAC4 216-192908""",309.5048927473133,-46.95469069557112,1.9088
"""UCAC4 219-182978""",309.54278480697826,-46.29759535174528,0.2169
"""UCAC4 218-192593""",309.5452216952691,-46.474246953702504,0.1768
"""UCAC4 216-192917""",309.55527588521915,-46.82488918898473,0.1657
"""UCAC4 216-192919""",309.5629504160729,-46.852223820140836,1.133
"""UCAC4 219-182982""",309.5645198693283,-46.31237808286416,2.7109
"""UCAC4 217-187350""",309.57009360306336,-46.78780047211,4.8898
"""UCAC4 217-187355""",309.6103243785954,-46.7644841727275,1.2885
"""UCAC4 218-192612""",309.6269632716229,-46.57955877721556,0.7821
"""UCAC4 216-192929""",309.63317839473046,-46.999156159446116,0.4477
"""UCAC4 218-192613""",309.63503275784495,-46.59944786112833,1.8596
"""UCAC4 218-192619""",309.67395197734373,-46.41415352383583,5.8074
"""UCAC4 218-192623""",309.6847705409641,-46.567084822502785,1.1941
"""UCAC4 217-187358""",309.63779670835123,-46.73367575088778,0.7702
"""UCAC4 218-192616""",309.65181805813506,-46.56869293464917,2.3002
"""UCAC4 219-183010""",309.7017078858279,-46.32493898795695,0.3898
"""UCAC4 218-192627""",309.70747689763,-46.58695097824667,1.9715
"""UCAC4 216-192946""",309.75307150744374,-46.95709402760418,2.0118
"""UCAC4 217-187369""",309.70787118565835,-46.62429773807528,0.1285
"""UCAC4 216-192952""",309.7922939421825,-46.952122945760834,1.1893
"""UCAC4 219-183018""",309.73663881165913,-46.358866902825554,0.3235
"""UCAC4 217-187384""",309.80121575582626,-46.6569288511475,0.9321
"""UCAC4 216-192961""",309.85433897457074,-46.84671630411639,1.1853
"""UCAC4 219-183033""",309.85441836598665,-46.373076862096106,1.758
"""UCAC4 216-192963""",309.8595943644712,-46.902380525065,1.0543
"""UCAC4 218-192666""",309.9121536117217,-46.54731796392554,1.7053
"""UCAC4 217-187409""",309.9290689275891,-46.770941461539444,0.1099
"""UCAC4 218-192672""",309.937575225665,-46.584999769334175,1.0073
"""UCAC4 216-192991""",309.98478791345536,-46.89189523012973,1.7247
"""UCAC4 217-187416""",309.963448879015,-46.74988170877222,0.9179
"""UCAC4 217-187417""",309.9688676021212,-46.673703399806655,0.3819
"""UCAC4 216-192996""",310.01152700089165,-46.94349893424083,0.8562
"""UCAC4 218-192693""",310.01181680343126,-46.53681070796027,1.3392
"""UCAC4 216-193000""",310.0231211125284,-46.81010561761555,2.0999
"""UCAC4 218-192695""",310.0233180135184,-46.457612069376395,0.4759
"""UCAC4 217-187426""",310.02635817696165,-46.73881195455444,2.0606
"""UCAC4 218-192701""",310.05082084490834,-46.48833699544057,0.2753
"""UCAC4 217-187427""",310.0313734226958,-46.72820328107028,2.2082
"""UCAC4 217-187430""",310.04815119267755,-46.69893631022222,1.1611
"""UCAC4 216-193008""",310.054303112393,-46.902184426435554,1.0417
"""UCAC4 217-187441""",310.1259789778204,-46.72458469726611,2.3415
"""UCAC4 217-187444""",310.1338958087137,-46.69331015265611,1.6034
"""UCAC4 216-193028""",310.18706062387037,-46.95672218732722,3.0117
"""UCAC4 217-187455""",310.20473231187293,-46.71950863753278,1.3903
"""UCAC4 218-192739""",310.2514734119742,-46.57667104852056,1.3043
"""UCAC4 216-193047""",310.2604804952599,-46.9221923356711,3.9275
"""UCAC4 217-187461""",310.27293638053374,-46.62538482731555,0.8199
"""UCAC4 217-187462""",310.2761729554846,-46.74398225859138,1.4883
"""UCAC4 216-193052""",310.28564814600253,-46.97917865029556,0.5437
"""UCAC4 217-187470""",310.3183249748,-46.649321100585,0.2521
"""UCAC4 216-193060""",310.3534450872596,-46.806216432049155,1.1699
"""UCAC4 217-187471""",310.32570298474536,-46.63698728496,2.1989
"""UCAC4 216-193058""",310.3314262996371,-46.90732886909083,5.1177
"""UCAC4 216-193069""",310.3932949598188,-46.82615182117529,8.461
"""UCAC4 217-187503""",310.5358603109758,-46.674980498391946,2.4141
"""UCAC4 214-186524""",307.92560077517703,-47.20702693371278,0.9062
"""UCAC4 214-186536""",307.97613305735626,-47.32425667940945,0.8944
"""UCAC4 215-190146""",307.9801101896275,-47.100844375011114,0.3469
"""UCAC4 214-186545""",308.0262019775542,-47.21952792901057,1.4366
"""UCAC4 215-190167""",308.08369114707585,-47.08836764684167,1.2767
"""UCAC4 215-190174""",308.11943357647,-47.04481513143084,2.8236
"""UCAC4 215-190176""",308.1334898853771,-47.17013819489611,2.2943
"""UCAC4 215-190178""",308.1540953123855,-47.00385961708584,0.3182
"""UCAC4 215-190192""",308.17821104089586,-47.11492086215639,1.445
"""UCAC4 215-190197""",308.1981949572041,-47.079083104636666,2.9444
"""UCAC4 214-186600""",308.29411689851503,-47.248980822164995,1.5176
"""UCAC4 215-190219""",308.30278444039664,-47.07715135507417,0.5451
"""UCAC4 214-186611""",308.32887156386374,-47.22673513368278,0.2352
"""UCAC4 214-186612""",308.3416977939687,-47.2955278076175,1.4236
"""UCAC4 215-190231""",308.3697979470154,-47.04583535983722,0.1512
"""UCAC4 214-186618""",308.37603865304834,-47.32232459707167,0.9696
"""UCAC4 215-190234""",308.3983822458121,-47.068879935254174,0.3972
"""UCAC4 214-186624""",308.40187273116084,-47.27085782487472,1.9663
"""UCAC4 215-190235""",308.39863334305664,-47.01743110530417,0.9764
"""UCAC4 214-186623""",308.4011488437096,-47.244471995411395,1.1048
"""UCAC4 214-186632""",308.4582629234538,-47.22516527412389,1.0502
"""UCAC4 214-186638""",308.49423855197375,-47.233974157320844,0.3419
"""UCAC4 214-186643""",308.52950646599754,-47.25788481122139,1.1911
"""UCAC4 213-198863""",308.5489751075025,-47.40022819778111,0.5836
"""UCAC4 214-186648""",308.5607154601575,-47.35368091287335,1.2314
"""UCAC4 214-186656""",308.59775182006666,-47.322670631505005,1.3225
"""UCAC4 213-198876""",308.61459909662625,-47.40088801658417,0.9746
"""UCAC4 214-186662""",308.6224535146462,-47.357314950832226,0.3144
"""UCAC4 214-186680""",308.677217870595,-47.27535406628944,1.321
"""UCAC4 214-186683""",308.69315989714954,-47.327984278622786,1.0057
"""UCAC4 213-198898""",308.73605960330997,-47.559239967932776,1.0199
"""UCAC4 213-198899""",308.7395264833912,-47.489079034605,1.5504
"""UCAC4 213-198906""",308.7773442034587,-47.479384274771675,1.9282
"""UCAC4 215-190328""",308.7806031265521,-47.06874501520417,1.4072
"""UCAC4 215-190329""",308.7810047034812,-47.043480891458884,4.5732
"""UCAC4 215-190340""",308.8200096692954,-47.18255159702361,1.5106
"""UCAC4 213-198932""",308.87524107906665,-47.562909759484164,1.0504
"""UCAC4 213-198933""",308.88676060892124,-47.49046677687556,1.7924
"""UCAC4 212-183429""",308.8872023804149,-47.645898436754166,4.2719
"""UCAC4 214-186724""",308.8907106198479,-47.256665897307776,1.0009
"""UCAC4 212-183433""",308.9031225341987,-47.64623583663695,4.2237
"""UCAC4 212-183439""",308.93706323308953,-47.64077562376694,2.0101
"""UCAC4 213-198944""",308.93770847977703,-47.52756486535722,0.9917
"""UCAC4 215-190355""",308.9379359206416,-47.12863898561139,1.6349
"""UCAC4 214-186733""",308.97509511140083,-47.269944423101656,2.4111
"""UCAC4 215-190364""",308.9868158491954,-47.041028589201666,0.4497
"""UCAC4 214-186739""",309.0205073626209,-47.30027404499055,0.8121
"""UCAC4 213-198962""",309.04688087131876,-47.40620300272583,1.4502
"""UCAC4 214-186748""",309.05501467885296,-47.25291984054722,1.8429
"""UCAC4 215-190384""",309.08216552772086,-47.096008845585004,1.3726
"""UCAC4 215-190386""",309.0833628523734,-47.17301915061112,1.3708
"""UCAC4 214-186752""",309.0861191930688,-47.25061164108611,2.3641
"""UCAC4 212-183475""",309.09006901209,-47.68328214922861,0.5011
"""UCAC4 214-186759""",309.1153369179175,-47.32687001571695,1.6078
"""UCAC4 213-198983""",309.13774441422754,-47.43472291244749,1.1623
"""UCAC4 213-198987""",309.15924562102333,-47.40443430674972,1.5687
"""UCAC4 213-198993""",309.18377691561545,-47.454160896058326,2.04
"""UCAC4 215-190403""",309.1639236522846,-47.17584295066306,1.3502
"""UCAC4 214-186768""",309.1903363271142,-47.20027672211917,0.4755
"""UCAC4 212-183498""",309.2034069219121,-47.667199567413604,1.795
"""UCAC4 215-190409""",309.2171840374958,-47.04948123795249,3.4711
"""UCAC4 215-190414""",309.2321527039063,-47.08490175624056,1.9167
"""UCAC4 215-190421""",309.2436477275937,-47.13955682943694,2.3831
"""UCAC4 212-183507""",309.25121993237576,-47.68948718214972,1.5772
"""UCAC4 212-183522""",309.31322286548874,-47.68176514375584,1.2121
"""UCAC4 215-190436""",309.3230026227963,-47.18895696779444,0.1362
"""UCAC4 214-186803""",309.3710169130925,-47.230619804590276,2.3941
"""UCAC4 212-183533""",309.3981655455388,-47.613664229253885,1.7724
"""UCAC4 215-190449""",309.41906161126997,-47.01495760566084,1.1066
"""UCAC4 214-186823""",309.4814354289871,-47.36707794336861,0.9592
"""UCAC4 212-183551""",309.51021533453246,-47.71307703215305,3.787
"""UCAC4 215-190474""",309.5258988457499,-47.17826675892722,1.5169
"""UCAC4 213-199056""",309.53720081076375,-47.41972282428444,0.8493
"""UCAC4 214-186845""",309.5753623811912,-47.33452119071083,2.0599
"""UCAC4 214-186844""",309.5730901674992,-47.25205798205695,1.6175
"""UCAC4 212-183571""",309.6348089895246,-47.7268949687425,0.5725
"""UCAC4 213-199070""",309.64437273851996,-47.56868112771917,0.7359
"""UCAC4 212-183580""",309.67656848862083,-47.656836640886944,1.156
"""UCAC4 215-190502""",309.6928811185262,-47.06770763846583,1.7878
"""UCAC4 214-186862""",309.69675696103,-47.22497952996695,0.3162
"""UCAC4 212-183586""",309.6967925858421,-47.61057641749167,1.9978
"""UCAC4 215-190506""",309.72106688752785,-47.13783410336806,1.173
"""UCAC4 215-190507""",309.72611995764834,-47.07462665606945,6.6728
"""UCAC4 215-190508""",309.72671972556583,-47.04917088372972,0.1867
"""UCAC4 213-199077""",309.72710132827206,-47.47947485544029,4.9567
"""UCAC4 212-183601""",309.77581175039495,-47.65201819698333,3.2403
"""UCAC4 215-190524""",309.83358718933204,-47.13838495335029,5.1018
"""UCAC4 214-186888""",309.8837682139946,-47.32864414655945,0.3465
"""UCAC4 212-183613""",309.8369696325146,-47.66562946725778,1.0769
"""UCAC4 214-186885""",309.8752212102804,-47.36591293112056,2.0191
"""UCAC4 214-186898""",309.93210636182334,-47.348416016817225,0.3948
"""UCAC4 213-199119""",309.9376675912937,-47.57837771597639,1.3637
"""UCAC4 215-190544""",309.9683980538591,-47.01055302139195,3.0233
"""UCAC4 215-190545""",309.9690187134125,-47.16726529552639,2.1608
"""UCAC4 213-199149""",310.08893944755044,-47.420979897892224,1.2925
"""UCAC4 215-190560""",310.08898211601667,-47.14691805863944,1.2805
"""UCAC4 214-186937""",310.1132442018017,-47.365893448436665,3.0365
"""UCAC4 214-186938""",310.128640356275,-47.344854445939724,1.3076
"""UCAC4 215-190569""",310.1381313834537,-47.18982746366999,2.9445
"""UCAC4 214-186952""",310.18726292918876,-47.37088876585139,1.6378
"""UCAC4 214-186956""",310.2178629152129,-47.24675841555861,1.2442
"""UCAC4 215-190593""",310.2491225859559,-47.12962155105583,2.441
"""UCAC4 214-186974""",310.30916561639293,-47.22971527373,0.4351
"""UCAC4 215-190610""",310.33698810097627,-47.18071354592972,2.0968
"""UCAC4 214-186980""",310.35740845506876,-47.380993897698055,2.0618
"""UCAC4 215-190617""",310.36798736099576,-47.11985012551084,2.082
"""UCAC4 215-190620""",310.3847096529263,-47.113791719005555,3.3029
"""UCAC4 214-186983""",310.39731371420834,-47.34360690830417,1.1435
"""CRTS J203347.6-463621""",308.44869495282995,-46.60572141903,0.0394
"""TYC 8410-263-1""",308.57963815746,-47.83060334982,0.3293
"""TYC 8411-1529-1""",309.41924267711,-48.25776755763,0.9957
"""UPM J2037-4643""",309.34043955085,-46.73122468752,58.0317
"""Gaia DR3 6482337927321931264""",310.17795116505,-47.25126784549,6.7913
"""Gaia DR2 6674371515763376896""",309.05990582085,-47.62037731053,12.1942
"""CRTS J204033.0-465215""",310.13808430754,-46.87061421542,0.0208
"""CRTS J203657.9-473026""",309.24169026537,-47.50734457567,0.0975
"""Gaia DR3 6674388081452190848""",308.91296559689295,-47.47442212234889,0.614
"""Gaia DR3 6674475973663353728""",309.54688139705826,-47.286812731342216,0.0922
"""CRTS J203947.6-463808""",309.94926218085993,-46.63521114651001,0.0732
"""CRTS J203615.9-462808""",309.06693395755,-46.46844586479,0.261
"""CRTS J203912.6-472143""",309.80283671826,-47.36188641843,0.0061
"""CRTS J203436.1-475232""",308.6501614463,-47.87576203713,0.0551
"""CRTS J203300.6-470845""",308.25227544323,-47.14574703732,0.0782
"""V* VX Ind""",310.46427965695,-47.11196301583,0.1269
"""UCAC2  11670349""",309.00213084853,-47.00680143768,0.4756
"""CD-48 13610""",308.5595833333333,-47.650277777777774,5.6
"""TYC 8410-269-1""",309.00500814958,-47.75948794609,1.3554
"""TYC 8410-685-1""",308.21882029399,-47.89048105877,2.0219
"""TYC 8410-691-1""",308.64336980414,-47.79643369674,1.0554
"""Gaia DR2 6674374268837966336""",308.95705103234,-47.63116768161999,0.1463
"""2MASS J20365973-4625178""",309.24891048684,-46.42166710754,9.2707
"""TYC 8410-1518-1""",308.56792041953,-48.05976580029999,1.1914
"""TYC 8410-743-1""",308.4414588908,-47.94383002544,0.8001
"""TYC 8406-83-1""",308.35546065162,-46.72035454638,2.3202
"""TYC 8406-1506-1""",309.07173296324,-46.60172336215,0.5732
"""TYC 8410-283-1""",308.61548529595,-47.8007104574,0.4875
"""UCAC2  11219366""",310.0040334288299,-48.02080099468001,0.7365
"""2MASS J20372075-4722554""",309.33646005905996,-47.38211620060001,3.2585
"""TYC 8406-1416-1""",309.11898463137,-46.54587578782001,6.4477
"""BPS CS 22943-0174""",309.36002580511,-46.93636258119,0.1683
"""CD-47 13446""",308.20988615897,-46.72495355216,2.707
"""HD 195584""",308.54323786615,-47.83725056275,1.2611
"""V* VW Ind""",310.25346246315996,-46.5432867797,0.1318
